#--------------------------------------------------------------------------------,
CAST                        ,,       10016405,WOD Unique Cast Number,WOD code,
NODC Cruise ID              ,,DE-10644       ,,,
Originators Station ID      ,,               ,,,alpha,
Originators Cruise ID       ,,06ME           ,,,
Latitude                    ,,          40.28,decimal degrees,,
Longitude                   ,,         -10.83,decimal degrees,,
Year                        ,,           1925,,,
Month                       ,,              1,,,
Day                         ,,             27,,,
Time                        ,,            12.,decimal hours (UT),,
METADATA,
Country                     ,,             DE,NODC code,GERMANY
Accession Number            ,,           241.,NODC code,,
Platform                    ,,           330.,OCL code,METEOR (PRE-7/64),
Institute                   ,,           216.,NODC code,COUNSEIL INTERNATIONAL POUR L'EXPLORATION DE LA MER (ICES),
probe_type                  ,,            14.,OCL_code,bucket,
VARIABLES ,Depth     ,F,O,Temperatur ,F,O,Salinity   ,F,O,Latitude   ,F,O,Longitude  ,F,O,JulianDay  ,F,O,,
UNITS     ,m         , , ,degrees C ,, , ,PSS       ,, , ,degrees   ,, , ,degrees   ,, , ,julian day,, , ,,
Prof-Flag ,          ,0, ,          ,0, ,          ,0, ,          ,0, ,          ,0, ,          ,0, ,,
         1,        0.,0, ,     14.29,0, ,    35.860,0, ,     40.28,0, ,    -10.83,0, ,     26.50,0, ,
         2,        0.,0, ,     18.60,0, ,    36.770,0, ,     28.58,0, ,    -15.62,0, ,     30.50,0, ,
         3,        0.,0, ,     15.88,0, ,    36.270,0, ,      37.0,0, ,    -13.67,0, ,     40.50,0, ,
END OF VARIABLES SECTION,
#--------------------------------------------------------------------------------,
CAST                        ,,       10016422,WOD Unique Cast Number,WOD code,
NODC Cruise ID              ,,DE-10645       ,,,
Originators Station ID      ,,               ,,,alpha,
Originators Cruise ID       ,,06ME           ,,,
Latitude                    ,,          48.97,decimal degrees,,
Longitude                   ,,          -4.50,decimal degrees,,
Year                        ,,           1925,,,
Month                       ,,              4,,,
Day                         ,,             21,,,
Time                        ,,             6.,decimal hours (UT),,
METADATA,
Country                     ,,             DE,NODC code,GERMANY
Accession Number            ,,           241.,NODC code,,
Platform                    ,,           330.,OCL code,METEOR (PRE-7/64),
Institute                   ,,           216.,NODC code,COUNSEIL INTERNATIONAL POUR L'EXPLORATION DE LA MER (ICES),
probe_type                  ,,            14.,OCL_code,bucket,
VARIABLES ,Depth     ,F,O,Temperatur ,F,O,Salinity   ,F,O,Latitude   ,F,O,Longitude  ,F,O,JulianDay  ,F,O,,
UNITS     ,m         , , ,degrees C ,, , ,PSS       ,, , ,degrees   ,, , ,degrees   ,, , ,julian day,, , ,,
Prof-Flag ,          ,0, ,          ,0, ,          ,0, ,          ,0, ,          ,0, ,          ,0, ,,
         1,        0.,0, ,     10.00,0, ,    35.210,0, ,     48.97,0, ,     -4.50,0, ,     110.2,0, ,
         2,        0.,0, ,     11.35,0, ,    35.570,0, ,     46.07,0, ,     -7.95,0, ,     111.2,0, ,
         3,        0.,0, ,     12.35,0, ,    35.770,0, ,     43.12,0, ,    -10.95,0, ,     112.2,0, ,
         4,        0.,0, ,     13.20,0, ,    35.860,0, ,     39.98,0, ,    -14.05,0, ,     113.2,0, ,
         5,        0.,0, ,     14.30,0, ,    35.910,0, ,     38.48,0, ,    -15.50,0, ,    113.75,0, ,
         6,        0.,0, ,     15.60,0, ,    36.150,0, ,     36.92,0, ,    -16.92,0, ,     114.3,0, ,
         7,        0.,0, ,     16.00,0, ,    36.150,0, ,     35.42,0, ,    -18.25,0, ,    114.79,0, ,
         8,        0.,0, ,     16.60,0, ,    36.130,0, ,     34.02,0, ,    -19.53,0, ,     115.3,0, ,
         9,        0.,0, ,     22.70,0, ,    37.120,0, ,     24.52,0, ,    -26.97,0, ,    118.71,0, ,
        10,        0.,0, ,     27.40,0, ,    35.820,0, ,     -6.37,0, ,    -33.12,0, ,     132.2,0, ,
        11,        0.,0, ,     26.60,0, ,    36.820,0, ,    -13.03,0, ,    -34.97,0, ,     134.3,0, ,
        12,        0.,0, ,     26.70,0, ,    37.210,0, ,    -19.22,0, ,    -36.17,0, ,     136.3,0, ,
        13,        0.,0, ,     26.20,0, ,    36.800,0, ,    -21.70,0, ,    -37.88,0, ,     137.3,0, ,
END OF VARIABLES SECTION,
#--------------------------------------------------------------------------------,
CAST                        ,,       10016501,WOD Unique Cast Number,WOD code,
NODC Cruise ID              ,,DE-9963        ,,,
Originators Station ID      ,,               ,,,alpha,
Originators Cruise ID       ,,06ME           ,,,
Latitude                    ,,         -41.78,decimal degrees,,
Longitude                   ,,          21.87,decimal degrees,,
Year                        ,,           1926,,,
Month                       ,,              3,,,
Day                         ,,              6,,,
Time                        ,,             9.,decimal hours (UT),,
METADATA,
Country                     ,,             DE,NODC code,GERMANY
Accession Number            ,,           241.,NODC code,,
Platform                    ,,           330.,OCL code,METEOR (PRE-7/64),
Institute                   ,,           216.,NODC code,COUNSEIL INTERNATIONAL POUR L'EXPLORATION DE LA MER (ICES),
probe_type                  ,,            14.,OCL_code,bucket,
VARIABLES ,Depth     ,F,O,Temperatur ,F,O,Salinity   ,F,O,Latitude   ,F,O,Longitude  ,F,O,JulianDay  ,F,O,,
UNITS     ,m         , , ,degrees C ,, , ,PSS       ,, , ,degrees   ,, , ,degrees   ,, , ,julian day,, , ,,
Prof-Flag ,          ,0, ,          ,0, ,          ,0, ,          ,0, ,          ,0, ,          ,0, ,,
         1,        0.,0, ,     13.80,0, ,    35.660,0, ,    -41.78,0, ,     21.87,0, ,      64.4,0, ,
         2,        0.,0, ,     21.20,0, ,    35.620,0, ,    -37.77,0, ,     21.18,0, ,      66.4,0, ,
END OF VARIABLES SECTION,
#--------------------------------------------------------------------------------,
CAST                        ,,       10016519,WOD Unique Cast Number,WOD code,
NODC Cruise ID              ,,DE-9911        ,,,
Originators Station ID      ,,               ,,,alpha,
Originators Cruise ID       ,,06ME           ,,,
Latitude                    ,,         -31.38,decimal degrees,,
Longitude                   ,,          16.93,decimal degrees,,
Year                        ,,           1926,,,
Month                       ,,              4,,,
Day                         ,,             22,,,
Time                        ,,            22.,decimal hours (UT),,
METADATA,
Country                     ,,             DE,NODC code,GERMANY
Accession Number            ,,           241.,NODC code,,
Platform                    ,,           330.,OCL code,METEOR (PRE-7/64),
Institute                   ,,           216.,NODC code,COUNSEIL INTERNATIONAL POUR L'EXPLORATION DE LA MER (ICES),
probe_type                  ,,            14.,OCL_code,bucket,
VARIABLES ,Depth     ,F,O,Temperatur ,F,O,Salinity   ,F,O,Latitude   ,F,O,Longitude  ,F,O,JulianDay  ,F,O,,
UNITS     ,m         , , ,degrees C ,, , ,PSS       ,, , ,degrees   ,, , ,degrees   ,, , ,julian day,, , ,,
Prof-Flag ,          ,0, ,          ,0, ,          ,0, ,          ,0, ,          ,0, ,          ,0, ,,
         1,        0.,0, ,     15.27,0, ,    35.220,0, ,    -31.38,0, ,     16.93,0, ,    111.92,0, ,
         2,        0.,0, ,     13.10,0, ,    34.860,0, ,    -29.98,0, ,     16.25,0, ,     112.3,0, ,
         3,        0.,0, ,     13.09,0, ,    34.820,0, ,    -29.17,0, ,     15.90,0, ,    112.58,0, ,
         4,        0.,0, ,     12.93,0, ,    34.800,0, ,    -28.25,0, ,     15.50,0, ,    112.88,0, ,
         5,        0.,0, ,     12.25,0, ,    34.970,0, ,    -26.87,0, ,     14.82,0, ,     113.3,0, ,
         6,        0.,0, ,     13.30,0, ,    35.070,0, ,    -26.02,0, ,     13.92,0, ,     115.3,0, ,
         7,        0.,0, ,     16.69,0, ,    35.200,0, ,    -25.60,0, ,     13.07,0, ,    115.62,0, ,
         8,        0.,0, ,     15.62,0, ,    35.090,0, ,    -24.78,0, ,     13.28,0, ,    115.92,0, ,
         9,        0.,0, ,     14.29,0, ,    35.190,0, ,    -23.48,0, ,      14.0,0, ,     116.3,0, ,
        10,        0.,0, ,     14.75,0, ,    35.170,0, ,    -22.98,0, ,     14.38,0, ,    116.54,0, ,
        11,        0.,0, ,     15.46,0, ,    35.260,0, ,    -22.22,0, ,     14.07,0, ,    119.88,0, ,
        12,        0.,0, ,     16.12,0, ,    35.320,0, ,    -21.15,0, ,     13.07,0, ,     120.3,0, ,
        13,        0.,0, ,     17.54,0, ,    35.430,0, ,    -20.42,0, ,     12.38,0, ,    120.62,0, ,
        14,        0.,0, ,     17.97,0, ,    35.480,0, ,    -19.73,0, ,     11.72,0, ,    120.92,0, ,
        15,        0.,0, ,     18.88,0, ,    35.530,0, ,    -18.75,0, ,     10.65,0, ,     121.3,0, ,
        16,        0.,0, ,     19.59,0, ,    35.570,0, ,    -18.37,0, ,     10.82,0, ,    121.62,0, ,
        17,        0.,0, ,     20.96,0, ,    35.690,0, ,    -17.50,0, ,     11.12,0, ,    121.92,0, ,
        18,        0.,0, ,     22.80,0, ,    35.870,0, ,    -16.42,0, ,     11.50,0, ,     122.3,0, ,
        19,        0.,0, ,     21.00,0, ,    35.950,0, ,    -16.32,0, ,     10.78,0, ,     123.3,0, ,
        20,        0.,0, ,     22.71,0, ,    35.760,0, ,    -16.22,0, ,      9.97,0, ,    123.62,0, ,
        21,        0.,0, ,     23.89,0, ,    35.800,0, ,    -15.92,0, ,      8.87,0, ,     124.3,0, ,
        22,        0.,0, ,     24.44,0, ,    36.270,0, ,    -15.38,0, ,      6.98,0, ,    124.92,0, ,
        23,        0.,0, ,     23.60,0, ,    35.910,0, ,    -15.32,0, ,      6.10,0, ,    125.62,0, ,
        24,        0.,0, ,     23.72,0, ,    36.220,0, ,    -15.28,0, ,      5.20,0, ,    125.92,0, ,
        25,        0.,0, ,     23.50,0, ,    36.580,0, ,    -15.20,0, ,      3.93,0, ,     126.3,0, ,
        26,        0.,0, ,     22.70,0, ,    36.420,0, ,    -15.07,0, ,      1.75,0, ,     127.3,0, ,
        27,        0.,0, ,     22.83,0, ,    36.410,0, ,    -15.28,0, ,      1.07,0, ,    127.62,0, ,
        28,        0.,0, ,     22.70,0, ,    36.370,0, ,    -15.02,0, ,    -0.100,0, ,     128.3,0, ,
        29,        0.,0, ,     22.55,0, ,    36.480,0, ,    -14.98,0, ,    -0.500,0, ,    130.88,0, ,
        30,        0.,0, ,     23.00,0, ,    36.530,0, ,    -15.07,0, ,     -1.97,0, ,     131.3,0, ,
        31,        0.,0, ,     23.05,0, ,    36.520,0, ,    -15.05,0, ,     -2.82,0, ,    131.62,0, ,
        32,        0.,0, ,     22.90,0, ,    36.500,0, ,    -15.02,0, ,     -3.48,0, ,    131.92,0, ,
        33,        0.,0, ,     23.02,0, ,    36.520,0, ,    -15.08,0, ,     -3.67,0, ,     132.3,0, ,
        34,        0.,0, ,     23.58,0, ,    36.510,0, ,    -15.47,0, ,     -4.33,0, ,    132.58,0, ,
        35,        0.,0, ,     23.02,0, ,    36.500,0, ,    -15.75,0, ,     -4.88,0, ,    132.88,0, ,
        36,        0.,0, ,     22.82,0, ,    36.500,0, ,    -15.65,0, ,     -6.07,0, ,    136.92,0, ,
        37,        0.,0, ,     23.43,0, ,    36.600,0, ,    -14.93,0, ,     -7.02,0, ,     137.3,0, ,
        38,        0.,0, ,     23.72,0, ,    36.570,0, ,    -14.92,0, ,     -7.13,0, ,    137.67,0, ,
        39,        0.,0, ,     23.72,0, ,    36.630,0, ,    -14.95,0, ,     -7.82,0, ,    137.92,0, ,
        40,        0.,0, ,     23.90,0, ,    36.560,0, ,    -15.02,0, ,     -9.10,0, ,     138.3,0, ,
        41,        0.,0, ,     24.12,0, ,    36.640,0, ,    -15.05,0, ,     -9.87,0, ,    138.58,0, ,
        42,        0.,0, ,     23.98,0, ,    36.630,0, ,    -15.05,0, ,    -11.25,0, ,     139.3,0, ,
        43,        0.,0, ,     24.30,0, ,    36.720,0, ,    -14.97,0, ,    -14.38,0, ,    140.58,0, ,
        44,        0.,0, ,     24.32,0, ,    36.840,0, ,    -15.07,0, ,    -16.15,0, ,     141.3,0, ,
        45,        0.,0, ,     24.67,5, ,    36.880,0, ,    -14.97,0, ,    -17.27,0, ,    141.58,0, ,
        46,        0.,0, ,     24.32,5, ,    36.860,0, ,    -14.97,0, ,    -17.42,0, ,    141.88,0, ,
        47,        0.,0, ,     23.70,0, ,    36.940,0, ,    -15.02,0, ,    -18.68,0, ,     142.3,0, ,
        48,        0.,0, ,     25.12,0, ,    36.940,0, ,    -15.08,0, ,    -19.65,0, ,    142.58,0, ,
        49,        0.,0, ,     25.23,0, ,    36.970,0, ,    -15.12,0, ,    -20.50,0, ,    142.92,0, ,
        50,        0.,0, ,     25.80,0, ,    36.810,4, ,    -15.13,0, ,    -21.63,0, ,    143.58,0, ,
        51,        0.,0, ,     25.52,0, ,    36.970,0, ,    -15.20,0, ,    -22.68,0, ,    143.92,0, ,
        52,        0.,0, ,     25.88,0, ,    37.010,0, ,    -15.30,0, ,    -23.97,0, ,     144.3,0, ,
        53,        0.,0, ,     26.21,0, ,    36.910,0, ,    -15.42,0, ,    -23.97,0, ,    144.67,0, ,
        54,        0.,0, ,     25.80,0, ,    37.100,0, ,    -15.65,0, ,    -25.93,0, ,     145.2,0, ,
        55,        0.,0, ,     26.08,0, ,    37.200,0, ,    -15.72,0, ,    -28.02,0, ,     146.2,0, ,
        56,        0.,0, ,     26.31,0, ,    37.250,0, ,    -15.85,0, ,    -29.23,0, ,    146.62,0, ,
        57,        0.,0, ,     26.30,0, ,    37.160,0, ,    -15.90,0, ,    -29.95,0, ,    146.92,0, ,
        58,        0.,0, ,     26.73,0, ,    37.340,0, ,    -16.03,0, ,    -31.32,0, ,    147.62,0, ,
        59,        0.,0, ,     26.49,0, ,    37.330,0, ,    -16.18,0, ,    -32.35,0, ,    147.92,0, ,
        60,        0.,0, ,     26.72,0, ,    37.350,0, ,    -16.37,0, ,    -33.32,0, ,    148.62,0, ,
        61,        0.,0, ,     26.25,0, ,    37.360,0, ,    -16.63,0, ,    -33.78,0, ,    148.92,0, ,
        62,        0.,0, ,     26.20,0, ,    37.270,0, ,    -16.97,0, ,    -34.82,0, ,     149.3,0, ,
        63,        0.,0, ,     26.70,0, ,    37.230,0, ,    -17.22,0, ,    -35.57,0, ,    149.62,0, ,
        64,        0.,0, ,     26.38,0, ,    37.170,0, ,    -17.02,0, ,    -36.33,0, ,     150.3,0, ,
        65,        0.,0, ,     26.48,0, ,    37.200,0, ,    -17.22,0, ,    -36.78,0, ,    150.62,0, ,
        66,        0.,0, ,     26.21,0, ,    37.240,0, ,    -17.05,0, ,    -37.52,0, ,    150.88,0, ,
        67,        0.,0, ,     25.82,0, ,    36.870,0, ,    -17.47,0, ,    -37.92,0, ,     151.3,0, ,
        68,        0.,0, ,     26.60,0, ,    37.270,0, ,    -17.88,0, ,    -37.32,0, ,    151.62,0, ,
        69,        0.,0, ,     25.75,0, ,    37.060,0, ,    -17.98,0, ,    -37.03,0, ,    151.88,0, ,
        70,        0.,0, ,     25.71,0, ,    36.960,0, ,    -18.58,0, ,    -36.07,0, ,     152.3,0, ,
        71,        0.,0, ,     26.32,0, ,    37.040,0, ,    -19.37,0, ,    -36.22,0, ,    152.62,0, ,
        72,        0.,0, ,     26.22,0, ,    37.170,0, ,    -20.30,0, ,    -36.72,0, ,    152.92,0, ,
        73,        0.,0, ,     25.60,0, ,    36.940,0, ,    -20.73,0, ,    -36.12,0, ,     153.3,0, ,
        74,        0.,0, ,     26.09,0, ,    36.970,0, ,    -20.47,0, ,    -36.15,0, ,    153.62,0, ,
        75,        0.,0, ,     25.63,0, ,    36.860,0, ,    -20.52,0, ,    -35.42,0, ,    153.88,0, ,
        76,        0.,0, ,     25.50,0, ,    36.920,0, ,    -20.47,0, ,    -35.85,0, ,     154.3,0, ,
        77,        0.,0, ,     24.97,0, ,    36.980,0, ,    -22.03,0, ,    -36.33,0, ,    154.88,0, ,
        78,        0.,0, ,     23.58,0, ,    36.330,0, ,    -23.23,0, ,    -36.67,0, ,     155.3,0, ,
        79,        0.,0, ,     23.52,0, ,    36.430,0, ,    -24.07,0, ,    -36.87,0, ,    155.58,0, ,
        80,        0.,0, ,     23.58,0, ,    36.510,0, ,    -24.62,0, ,    -37.38,0, ,    155.88,0, ,
        81,        0.,0, ,     23.42,0, ,    36.440,0, ,    -24.98,0, ,    -38.88,0, ,     156.3,0, ,
        82,        0.,0, ,     23.40,0, ,    36.460,0, ,    -25.23,0, ,    -40.07,0, ,    156.62,0, ,
        83,        0.,0, ,     23.70,0, ,    36.830,0, ,    -25.47,0, ,    -41.05,0, ,    156.92,0, ,
        84,        0.,0, ,     21.90,0, ,    36.240,0, ,    -25.77,0, ,    -42.32,0, ,     157.3,0, ,
        85,        0.,0, ,     22.20,0, ,    36.350,0, ,    -25.97,0, ,    -43.28,0, ,    157.62,0, ,
        86,        0.,0, ,     23.43,0, ,    36.740,0, ,    -26.10,0, ,    -43.97,0, ,    157.92,0, ,
        87,        0.,0, ,     23.60,0, ,    36.800,0, ,    -26.37,0, ,    -45.22,0, ,     158.3,0, ,
        88,        0.,0, ,     21.50,0, ,    35.950,0, ,    -26.53,0, ,    -46.25,0, ,    158.62,0, ,
        89,        0.,0, ,     20.49,0, ,    35.890,0, ,    -26.77,0, ,    -47.20,0, ,    158.92,0, ,
END OF VARIABLES SECTION,
#--------------------------------------------------------------------------------,
CAST                        ,,       10016544,WOD Unique Cast Number,WOD code,
NODC Cruise ID              ,,DE-9912        ,,,
Originators Station ID      ,,               ,,,alpha,
Originators Cruise ID       ,,06ME           ,,,
Latitude                    ,,         -23.40,decimal degrees,,
Longitude                   ,,         -41.52,decimal degrees,,
Year                        ,,           1926,,,
Month                       ,,              7,,,
Day                         ,,              2,,,
Time                        ,,             7.,decimal hours (UT),,
METADATA,
Country                     ,,             DE,NODC code,GERMANY
Accession Number            ,,           241.,NODC code,,
Platform                    ,,           330.,OCL code,METEOR (PRE-7/64),
Institute                   ,,           216.,NODC code,COUNSEIL INTERNATIONAL POUR L'EXPLORATION DE LA MER (ICES),
probe_type                  ,,            14.,OCL_code,bucket,
VARIABLES ,Depth     ,F,O,Temperatur ,F,O,Salinity   ,F,O,Latitude   ,F,O,Longitude  ,F,O,JulianDay  ,F,O,,
UNITS     ,m         , , ,degrees C ,, , ,PSS       ,, , ,degrees   ,, , ,degrees   ,, , ,julian day,, , ,,
Prof-Flag ,          ,0, ,          ,0, ,          ,0, ,          ,0, ,          ,0, ,          ,0, ,,
         1,        0.,0, ,     21.90,0, ,    35.910,0, ,    -23.40,0, ,    -41.52,0, ,     182.3,0, ,
         2,        0.,0, ,     24.23,0, ,    36.720,0, ,    -23.67,0, ,    -40.50,0, ,    182.88,0, ,
         3,        0.,0, ,     24.01,0, ,    36.860,0, ,    -23.85,0, ,    -38.87,0, ,    183.92,0, ,
         4,        0.,0, ,     22.71,0, ,    36.230,4, ,    -23.82,0, ,    -37.27,0, ,    184.92,0, ,
         5,        0.,0, ,     24.00,0, ,    36.800,0, ,    -23.73,0, ,    -36.08,0, ,     185.3,0, ,
         6,        0.,0, ,     24.03,0, ,    36.870,0, ,    -23.73,0, ,    -35.03,0, ,    185.62,0, ,
         7,        0.,0, ,     23.50,0, ,    36.780,0, ,    -23.65,0, ,    -34.12,0, ,     186.3,0, ,
         8,        0.,0, ,     23.41,0, ,    36.820,0, ,    -23.57,0, ,    -33.28,0, ,    186.62,0, ,
         9,        0.,0, ,     22.04,0, ,    36.300,0, ,    -23.55,0, ,    -32.58,0, ,    186.92,0, ,
        10,        0.,0, ,     22.49,0, ,    36.480,0, ,    -23.38,0, ,    -31.13,0, ,    187.92,0, ,
        11,        0.,0, ,     23.39,0, ,    36.990,0, ,    -22.97,0, ,    -29.32,0, ,    188.62,0, ,
        12,        0.,0, ,     23.01,0, ,    36.850,0, ,    -22.78,0, ,    -28.57,0, ,    188.92,0, ,
        13,        0.,0, ,     22.79,0, ,    36.850,0, ,    -22.63,0, ,    -27.83,0, ,    189.62,0, ,
        14,        0.,0, ,     22.21,0, ,    36.580,0, ,    -22.58,0, ,    -27.03,0, ,    189.92,0, ,
        15,        0.,0, ,     22.29,0, ,    36.540,0, ,    -22.37,0, ,    -25.95,0, ,     190.3,0, ,
        16,        0.,0, ,     22.53,0, ,    36.580,0, ,    -22.20,0, ,    -25.02,0, ,    190.62,0, ,
        17,        0.,0, ,     23.03,0, ,    36.870,0, ,    -22.07,0, ,    -24.07,0, ,    190.92,0, ,
        18,        0.,0, ,     22.91,0, ,    36.840,0, ,    -21.95,0, ,    -23.25,0, ,    191.62,0, ,
        19,        0.,0, ,     22.73,0, ,    36.800,0, ,    -21.82,0, ,    -22.40,0, ,    191.92,0, ,
        20,        0.,0, ,     22.89,0, ,    36.830,0, ,    -21.72,0, ,    -21.42,0, ,     192.3,0, ,
        21,        0.,0, ,     22.90,0, ,    36.820,0, ,    -21.65,0, ,    -20.80,0, ,    192.62,0, ,
        22,        0.,0, ,     22.66,0, ,    36.760,0, ,    -21.60,0, ,    -19.88,0, ,     193.3,0, ,
        23,        0.,0, ,     22.80,0, ,    36.820,0, ,    -21.58,0, ,    -19.12,0, ,    193.62,0, ,
        24,        0.,0, ,     22.41,0, ,    36.720,0, ,    -21.55,0, ,    -18.38,0, ,    193.88,0, ,
        25,        0.,0, ,     21.96,0, ,    36.680,0, ,    -21.50,0, ,    -16.82,0, ,    194.92,0, ,
        26,        0.,0, ,     22.00,0, ,    36.580,0, ,    -21.47,0, ,    -15.52,0, ,     195.3,0, ,
        27,        0.,0, ,     22.02,0, ,    36.610,0, ,    -21.50,0, ,    -15.63,0, ,    195.79,0, ,
        28,        0.,0, ,     21.97,0, ,    36.610,0, ,    -21.48,0, ,    -15.42,0, ,    195.92,0, ,
        29,        0.,0, ,     21.71,0, ,    36.680,0, ,    -21.45,0, ,    -14.35,0, ,     196.3,0, ,
        30,        0.,0, ,     21.51,0, ,    36.610,0, ,    -21.45,0, ,    -13.63,0, ,    196.92,0, ,
        31,        0.,0, ,     21.49,0, ,    36.610,0, ,    -21.47,0, ,    -12.47,0, ,     197.3,0, ,
        32,        0.,0, ,     21.42,0, ,    36.550,0, ,    -21.47,0, ,    -11.32,0, ,     199.3,0, ,
        33,        0.,0, ,     21.14,0, ,    36.540,0, ,    -21.48,0, ,    -10.53,0, ,    199.62,0, ,
        34,        0.,0, ,     20.81,0, ,    36.400,0, ,    -21.52,0, ,     -9.68,0, ,    199.92,0, ,
        35,        0.,0, ,     20.80,0, ,    36.540,0, ,    -21.57,0, ,     -8.57,0, ,    200.62,0, ,
        36,        0.,0, ,     20.41,0, ,    36.450,0, ,    -21.63,0, ,     -7.73,0, ,    200.92,0, ,
        37,        0.,0, ,     20.20,0, ,    36.350,0, ,    -21.70,0, ,     -6.67,0, ,     201.3,0, ,
        38,        0.,0, ,     20.30,0, ,    36.300,0, ,    -21.62,0, ,     -5.98,0, ,    201.62,0, ,
        39,        0.,0, ,     19.76,0, ,    36.200,0, ,    -21.53,0, ,     -5.23,0, ,    201.88,0, ,
        40,        0.,0, ,     19.58,0, ,    36.150,0, ,    -21.47,0, ,     -4.52,0, ,    202.62,0, ,
        41,        0.,0, ,     19.35,0, ,    36.110,0, ,    -21.50,0, ,     -3.90,0, ,    202.88,0, ,
        42,        0.,0, ,     18.89,0, ,    36.000,0, ,    -21.58,0, ,     -2.85,0, ,     203.3,0, ,
        43,        0.,0, ,     19.05,0, ,    35.940,0, ,    -21.55,0, ,     -2.22,0, ,    203.62,0, ,
        44,        0.,0, ,     18.81,0, ,    35.940,0, ,    -21.50,0, ,     -1.58,0, ,    203.92,0, ,
        45,        0.,0, ,     18.82,0, ,    35.990,0, ,    -21.47,0, ,    -0.700,0, ,     204.3,0, ,
        46,        0.,0, ,     18.90,0, ,    35.930,0, ,    -21.52,0, ,      1.02,0, ,     205.3,0, ,
        47,        0.,0, ,     18.61,0, ,    35.860,0, ,    -21.53,0, ,      1.88,0, ,    205.62,0, ,
        48,        0.,0, ,     18.07,0, ,    35.710,0, ,    -21.58,0, ,      2.70,0, ,    205.88,0, ,
        49,        0.,0, ,     17.90,0, ,    35.680,0, ,    -21.67,0, ,      3.95,0, ,     206.3,0, ,
        50,        0.,0, ,     17.51,0, ,    35.570,0, ,    -21.88,0, ,      5.63,0, ,     207.3,0, ,
        51,        0.,0, ,     17.60,0, ,    35.540,0, ,    -21.98,0, ,      6.42,0, ,    207.62,0, ,
        52,        0.,0, ,     17.29,0, ,    35.640,0, ,    -21.98,0, ,      6.78,0, ,    207.92,0, ,
        53,        0.,0, ,     16.79,0, ,    35.440,0, ,    -22.27,0, ,      8.78,0, ,    208.62,0, ,
        54,        0.,0, ,     16.10,0, ,    35.410,0, ,    -22.43,0, ,      9.75,0, ,    208.92,0, ,
        55,        0.,0, ,     15.32,0, ,    35.270,0, ,    -22.58,0, ,     11.17,0, ,     209.3,0, ,
        56,        0.,0, ,     16.61,0, ,    35.300,0, ,    -22.72,0, ,     12.32,0, ,    209.62,0, ,
        57,        0.,0, ,     14.11,0, ,    35.120,0, ,    -22.72,0, ,     12.22,0, ,    209.88,0, ,
        58,        0.,0, ,     12.81,0, ,    34.990,0, ,    -23.78,0, ,     14.40,0, ,    210.62,0, ,
        59,        0.,0, ,     12.33,0, ,    35.010,0, ,    -23.67,0, ,     14.47,0, ,    210.92,0, ,
        60,        0.,0, ,     13.95,0, ,    35.120,0, ,     -22.0,0, ,     13.02,0, ,     223.3,0, ,
        61,        0.,0, ,     14.36,0, ,    35.210,0, ,    -21.95,0, ,     11.78,0, ,    223.88,0, ,
        62,        0.,0, ,     16.01,0, ,    35.420,0, ,     -22.0,0, ,     11.12,0, ,     224.3,0, ,
        63,        0.,0, ,     15.42,0, ,    35.280,0, ,    -22.17,0, ,     11.53,0, ,    224.62,0, ,
        64,        0.,0, ,     14.03,0, ,    35.130,0, ,    -22.35,0, ,     12.32,0, ,    224.88,0, ,
        65,        0.,0, ,     13.04,0, ,    35.040,0, ,    -22.67,0, ,     13.57,0, ,     225.3,0, ,
        66,        0.,0, ,     12.80,0, ,    35.040,0, ,    -22.88,0, ,     14.38,0, ,    225.62,0, ,
        67,        0.,0, ,     15.58,0, ,    35.150,0, ,    -22.22,0, ,     14.02,0, ,    226.62,0, ,
        68,        0.,0, ,     13.33,0, ,    35.120,0, ,    -21.48,0, ,     13.52,0, ,    226.92,0, ,
        69,        0.,0, ,     14.21,0, ,    35.200,0, ,    -20.60,0, ,     12.93,0, ,     227.3,0, ,
        70,        0.,0, ,     14.12,0, ,    35.190,0, ,    -19.73,0, ,     12.35,0, ,    227.62,0, ,
        71,        0.,0, ,     14.72,0, ,    35.270,0, ,    -19.02,0, ,     11.82,0, ,    227.88,0, ,
        72,        0.,0, ,     14.91,0, ,    35.300,0, ,    -17.97,0, ,     11.35,0, ,     228.3,0, ,
        73,        0.,0, ,     16.41,0, ,    34.550,0, ,    -17.22,0, ,     11.72,0, ,    228.58,0, ,
        74,        0.,0, ,     18.08,0, ,    35.720,0, ,    -16.73,0, ,     11.32,0, ,    228.88,0, ,
        75,        0.,0, ,     18.93,0, ,    35.790,0, ,    -15.98,0, ,     11.52,0, ,     229.3,0, ,
        76,        0.,0, ,     18.91,0, ,    35.670,0, ,    -15.17,0, ,     12.10,0, ,    229.62,0, ,
        77,        0.,0, ,     18.83,0, ,    35.650,0, ,    -15.18,0, ,     12.13,0, ,    229.67,0, ,
        78,        0.,0, ,     20.32,0, ,    35.910,0, ,    -15.02,0, ,     12.02,0, ,    229.88,0, ,
        79,        0.,0, ,     17.70,0, ,    35.610,0, ,    -13.85,0, ,     12.47,0, ,     230.3,0, ,
        80,        0.,0, ,     18.78,0, ,    35.580,0, ,    -13.87,0, ,     12.52,0, ,    230.67,0, ,
        81,        0.,0, ,     20.77,0, ,    35.790,0, ,    -13.12,0, ,     12.52,0, ,    230.92,0, ,
        82,        0.,0, ,     21.78,0, ,    35.820,0, ,    -11.90,0, ,     12.62,0, ,     231.3,0, ,
        83,        0.,0, ,     22.71,0, ,    35.860,0, ,    -10.85,0, ,     12.75,0, ,    231.62,0, ,
        84,        0.,0, ,     20.91,0, ,    35.620,0, ,     -9.80,0, ,     12.82,0, ,    231.92,0, ,
        85,        0.,0, ,     21.79,0, ,    35.030,0, ,     -8.85,0, ,     12.77,0, ,    239.62,0, ,
        86,        0.,0, ,     22.04,0, ,    35.690,0, ,     -8.87,0, ,     12.27,0, ,    239.92,0, ,
        87,        0.,0, ,     22.20,0, ,    36.010,0, ,     -8.95,0, ,     11.02,0, ,     240.3,0, ,
        88,        0.,0, ,     21.61,0, ,    35.310,0, ,     -8.88,0, ,     12.07,0, ,     243.3,0, ,
        89,        0.,0, ,     22.09,0, ,    35.410,0, ,     -8.80,0, ,     12.38,0, ,    245.92,0, ,
        90,        0.,0, ,     22.40,0, ,    35.700,0, ,     -8.98,0, ,     11.20,0, ,     246.3,0, ,
        91,        0.,0, ,     23.03,0, ,    35.930,0, ,     -9.03,0, ,     10.30,0, ,    246.62,0, ,
        92,        0.,0, ,     23.48,0, ,    35.990,0, ,     -8.97,0, ,      8.50,0, ,    247.62,0, ,
        93,        0.,0, ,     22.00,0, ,    35.930,0, ,     -8.98,0, ,      7.52,0, ,    247.92,0, ,
        94,        0.,0, ,     21.80,0, ,    35.820,0, ,     -8.98,0, ,      6.17,0, ,     248.3,0, ,
        95,        0.,0, ,     21.61,0, ,    35.830,0, ,     -8.98,0, ,      5.60,0, ,    248.88,0, ,
        96,        0.,0, ,     21.83,0, ,    35.820,0, ,     -8.95,0, ,      4.22,0, ,     249.3,0, ,
        97,        0.,0, ,     22.51,0, ,    35.870,0, ,     -8.97,0, ,      3.27,0, ,    249.62,0, ,
        98,        0.,0, ,     22.22,0, ,    35.850,0, ,     -8.98,0, ,      2.42,0, ,    249.88,0, ,
        99,        0.,0, ,     22.61,0, ,    35.850,0, ,     -8.98,0, ,      1.62,0, ,    250.62,0, ,
       100,        0.,0, ,     21.90,0, ,    35.970,0, ,     -8.98,0, ,     0.633,0, ,    250.92,0, ,
       101,        0.,0, ,     22.38,0, ,    35.870,0, ,      -9.0,0, ,    -0.767,0, ,     251.3,0, ,
       102,        0.,0, ,     22.98,0, ,    35.890,0, ,     -9.03,0, ,     -1.72,0, ,    251.62,0, ,
       103,        0.,0, ,     22.52,0, ,    35.970,0, ,     -9.12,0, ,     -2.28,0, ,     252.3,0, ,
       104,        0.,0, ,     22.69,0, ,    35.900,0, ,     -9.12,0, ,     -3.37,0, ,    252.62,0, ,
       105,        0.,0, ,     22.72,0, ,    36.040,0, ,     -9.07,0, ,     -4.33,0, ,    252.92,0, ,
       106,        0.,0, ,     23.00,0, ,    36.010,0, ,     -8.98,0, ,     -5.43,0, ,     253.3,0, ,
       107,        0.,0, ,     22.93,0, ,    35.780,0, ,     -9.02,0, ,     -6.23,0, ,    253.88,0, ,
       108,        0.,0, ,     23.00,0, ,    36.150,0, ,     -9.05,0, ,     -7.53,0, ,     254.3,0, ,
       109,        0.,0, ,     23.63,0, ,    36.050,0, ,     -8.98,0, ,     -9.58,0, ,     255.3,0, ,
       110,        0.,0, ,     23.88,0, ,    35.980,0, ,     -8.85,0, ,    -11.72,0, ,     256.3,0, ,
       111,        0.,0, ,     24.09,0, ,    35.930,0, ,     -8.58,0, ,    -12.95,0, ,    256.92,0, ,
       112,        0.,0, ,     24.40,0, ,    36.000,0, ,     -8.03,0, ,    -14.15,0, ,     257.3,0, ,
       113,        0.,0, ,     24.39,0, ,    36.010,0, ,     -8.13,0, ,    -14.35,0, ,    257.88,0, ,
       114,        0.,0, ,     24.36,0, ,    36.040,0, ,     -8.80,0, ,    -15.17,0, ,    258.62,0, ,
       115,        0.,0, ,     24.19,0, ,    36.150,0, ,     -8.82,0, ,    -16.12,0, ,    258.88,0, ,
       116,        0.,0, ,     24.69,0, ,    35.870,0, ,     -8.68,0, ,    -17.57,0, ,    260.62,0, ,
       117,        0.,0, ,     24.61,0, ,    36.140,0, ,     -8.78,0, ,    -18.52,0, ,    260.88,0, ,
       118,        0.,0, ,     24.54,0, ,    36.090,0, ,     -9.03,0, ,    -19.82,0, ,     261.3,0, ,
       119,        0.,0, ,     24.34,0, ,    36.230,0, ,     -9.10,0, ,    -20.92,0, ,    261.88,0, ,
       120,        0.,0, ,     24.79,0, ,    36.300,0, ,     -8.95,0, ,    -23.13,0, ,    262.88,0, ,
       121,        0.,0, ,     25.19,0, ,    36.220,0, ,     -8.97,0, ,    -24.53,0, ,     263.3,0, ,
       122,        0.,0, ,     25.69,0, ,    36.180,0, ,     -8.98,0, ,    -25.50,0, ,    263.62,0, ,
       123,        0.,0, ,     25.48,0, ,    36.150,0, ,     -8.98,0, ,    -25.98,0, ,    263.75,0, ,
       124,        0.,0, ,     25.50,0, ,    36.170,0, ,     -9.07,0, ,    -26.57,0, ,     264.3,0, ,
       125,        0.,0, ,     25.48,0, ,    36.200,0, ,     -9.22,0, ,    -27.62,0, ,    264.62,0, ,
       126,        0.,0, ,     25.27,0, ,    36.130,0, ,     -9.33,0, ,    -28.52,0, ,    264.88,0, ,
       127,        0.,0, ,     25.31,0, ,    36.340,0, ,     -9.53,0, ,    -29.97,0, ,     265.3,0, ,
       128,        0.,0, ,     25.13,0, ,    36.380,0, ,     -9.65,0, ,    -30.37,0, ,    265.92,0, ,
       129,        0.,0, ,     25.03,0, ,    36.740,0, ,    -10.08,0, ,    -31.60,0, ,     266.3,0, ,
       130,        0.,0, ,     25.68,0, ,    36.430,0, ,    -10.53,0, ,    -32.73,0, ,    266.62,0, ,
       131,        0.,0, ,     25.08,0, ,    36.800,0, ,    -10.98,0, ,    -33.67,0, ,     267.3,0, ,
       132,        0.,0, ,     25.41,0, ,    36.980,0, ,    -11.43,0, ,    -34.57,0, ,    267.62,0, ,
       133,        0.,0, ,     25.22,0, ,    36.740,0, ,     -12.0,0, ,    -35.57,0, ,     268.3,0, ,
       134,        0.,0, ,     25.60,0, ,    37.080,0, ,    -12.48,0, ,    -36.68,0, ,    268.67,0, ,
       135,        0.,0, ,     25.32,0, ,    37.110,0, ,    -12.75,0, ,    -37.40,0, ,    268.92,0, ,
       136,        0.,0, ,     25.30,0, ,    36.970,0, ,    -12.90,0, ,    -37.93,0, ,     269.3,0, ,
       137,        0.,0, ,     25.49,0, ,    36.930,0, ,    -11.45,0, ,    -37.02,0, ,     283.3,0, ,
       138,        0.,0, ,     25.41,0, ,    37.000,0, ,    -10.33,0, ,     -36.0,0, ,    283.88,0, ,
       139,        0.,0, ,     25.48,0, ,    37.060,0, ,     -9.52,0, ,    -35.23,0, ,     284.3,0, ,
       140,        0.,0, ,     26.11,0, ,    36.760,0, ,     -7.58,0, ,    -34.63,0, ,    285.88,0, ,
       141,        0.,0, ,     26.00,0, ,    36.740,0, ,     -6.42,0, ,    -34.68,0, ,     286.3,0, ,
       142,        0.,0, ,     26.01,0, ,    36.160,0, ,     -5.53,0, ,    -34.55,0, ,    286.88,0, ,
       143,        0.,0, ,     26.00,0, ,    35.990,0, ,     -4.92,0, ,    -33.80,0, ,     287.3,0, ,
       144,        0.,0, ,     26.23,0, ,    36.080,0, ,     -4.72,0, ,    -33.57,0, ,    287.88,0, ,
       145,        0.,0, ,     26.20,0, ,    36.060,0, ,     -4.08,0, ,    -32.83,0, ,     288.3,0, ,
       146,        0.,0, ,     26.11,0, ,    36.030,0, ,     -3.55,0, ,    -32.03,0, ,    288.88,0, ,
       147,        0.,0, ,     26.31,0, ,    36.040,0, ,     -2.72,0, ,    -31.37,0, ,     289.3,0, ,
       148,        0.,0, ,     26.33,0, ,    36.110,0, ,     -2.32,0, ,    -31.07,0, ,    289.88,0, ,
       149,        0.,0, ,     26.30,0, ,    35.960,0, ,     -1.52,0, ,    -30.37,0, ,     290.3,0, ,
       150,        0.,0, ,     26.50,0, ,    35.850,4, ,    -0.167,0, ,    -29.60,0, ,     291.3,0, ,
       151,        0.,0, ,     26.18,0, ,    35.850,0, ,       1.0,0, ,    -28.12,0, ,     292.3,0, ,
       152,        0.,0, ,     26.85,0, ,    35.750,0, ,      1.87,0, ,    -27.77,0, ,    292.62,0, ,
       153,        0.,0, ,   ---*---,0, ,    35.380,0, ,      2.75,0, ,    -26.95,0, ,     293.3,0, ,
       154,        0.,0, ,     27.21,0, ,    35.320,0, ,      3.28,0, ,    -26.22,0, ,    293.62,0, ,
       155,        0.,0, ,     27.50,0, ,    35.120,0, ,      4.02,0, ,    -25.32,0, ,     296.3,0, ,
       156,        0.,0, ,     27.70,0, ,    34.820,0, ,      4.62,0, ,    -24.55,0, ,    296.62,0, ,
       157,        0.,0, ,     27.71,0, ,    34.470,0, ,      5.08,0, ,    -24.02,0, ,    296.88,0, ,
       158,        0.,0, ,     28.02,0, ,    33.850,3, ,      6.02,0, ,    -22.98,0, ,    297.88,0, ,
       159,        0.,0, ,     28.04,0, ,    34.220,0, ,      6.82,0, ,    -22.07,0, ,     298.3,0, ,
       160,        0.,0, ,     28.25,0, ,    34.160,0, ,      7.15,0, ,    -21.23,0, ,    298.67,0, ,
       161,        0.,0, ,     29.00,0, ,    34.890,0, ,      8.13,0, ,    -19.58,0, ,    299.62,0, ,
       162,        0.,0, ,     28.60,0, ,    34.520,0, ,      8.55,0, ,    -18.77,0, ,     300.3,0, ,
       163,        0.,0, ,     29.91,0, ,    34.750,0, ,      8.93,0, ,    -17.85,0, ,    300.62,0, ,
       164,        0.,0, ,     28.60,0, ,    32.290,3, ,      9.42,0, ,    -15.92,0, ,    301.62,0, ,
       165,        0.,0, ,     27.76,0, ,    29.940,0, ,      8.67,0, ,    -14.12,0, ,     302.3,0, ,
       166,        0.,0, ,     28.71,0, ,    31.370,0, ,      7.78,0, ,    -14.12,0, ,    313.67,0, ,
       167,        0.,0, ,     28.66,0, ,    32.690,0, ,      7.32,0, ,    -14.32,0, ,    313.88,0, ,
       168,        0.,0, ,     28.98,0, ,    34.390,0, ,      5.32,0, ,    -14.82,0, ,    314.67,0, ,
       169,        0.,0, ,     27.71,0, ,    34.440,0, ,      5.03,0, ,    -14.17,0, ,    315.62,0, ,
       170,        0.,0, ,     27.90,0, ,    34.450,0, ,      5.02,0, ,    -13.37,0, ,    315.88,0, ,
       171,        0.,0, ,     27.60,0, ,    34.160,0, ,       5.0,0, ,    -12.10,0, ,     316.3,0, ,
       172,        0.,0, ,     27.59,0, ,    33.960,0, ,      5.02,0, ,    -11.38,0, ,    316.62,0, ,
       173,        0.,0, ,     27.41,0, ,    33.510,0, ,       5.0,0, ,    -10.58,0, ,    316.88,0, ,
       174,        0.,0, ,     27.95,0, ,    34.180,0, ,      4.13,0, ,     -9.42,0, ,    317.62,0, ,
       175,        0.,0, ,     27.36,0, ,    34.320,0, ,      2.95,0, ,     -9.42,0, ,     318.3,0, ,
       176,        0.,0, ,     27.28,0, ,    34.470,0, ,      2.58,0, ,     -9.48,0, ,    318.92,0, ,
       177,        0.,0, ,     26.56,0, ,    35.470,0, ,      1.43,0, ,     -9.67,0, ,     319.3,0, ,
       178,        0.,0, ,     26.47,0, ,    35.400,0, ,      1.07,0, ,     -9.62,0, ,    319.88,0, ,
       179,        0.,0, ,     25.07,0, ,    35.530,0, ,     0.150,0, ,     -9.33,0, ,    320.88,0, ,
       180,        0.,0, ,     25.90,0, ,    35.400,0, ,     0.650,0, ,     -8.60,0, ,     321.2,0, ,
       181,        0.,0, ,     26.31,0, ,    35.360,0, ,      1.02,0, ,     -7.98,0, ,    321.62,0, ,
       182,        0.,0, ,     26.47,0, ,    35.180,0, ,      1.32,0, ,     -7.37,0, ,    321.88,0, ,
       183,        0.,0, ,     26.74,0, ,    35.190,0, ,      1.70,0, ,     -6.40,0, ,     322.3,0, ,
       184,        0.,0, ,     27.41,0, ,    35.090,0, ,      2.02,0, ,     -5.53,0, ,    322.62,0, ,
       185,        0.,0, ,     27.50,0, ,    34.810,0, ,      2.38,0, ,     -4.82,0, ,     323.3,0, ,
       186,        0.,0, ,     27.59,0, ,    34.460,0, ,      2.78,0, ,     -3.97,0, ,    323.62,0, ,
       187,        0.,0, ,     27.61,0, ,    34.560,0, ,      3.12,0, ,     -3.25,0, ,    323.92,0, ,
       188,        0.,0, ,     27.80,0, ,    34.420,0, ,      3.53,0, ,     -2.27,0, ,     324.3,0, ,
       189,        0.,0, ,     28.14,0, ,    34.080,0, ,      4.03,0, ,     -1.47,0, ,    324.62,0, ,
       190,        0.,0, ,     27.42,0, ,    34.910,0, ,      2.02,0, ,     -1.03,0, ,    328.88,0, ,
       191,        0.,0, ,     27.19,0, ,    34.750,0, ,      1.32,0, ,      -1.0,0, ,     329.3,0, ,
       192,        0.,0, ,     26.40,0, ,    35.040,0, ,     0.600,0, ,    -0.450,0, ,     331.2,0, ,
       193,        0.,0, ,     26.89,0, ,    34.610,0, ,      1.13,0, ,     0.717,0, ,    331.92,0, ,
       194,        0.,0, ,     27.03,0, ,    34.620,0, ,      1.50,0, ,      1.58,0, ,     332.2,0, ,
       195,        0.,0, ,     27.91,0, ,    32.730,0, ,      2.22,0, ,      2.62,0, ,     333.2,0, ,
       196,        0.,0, ,     28.28,0, ,    32.870,0, ,      2.62,0, ,      3.48,0, ,    333.62,0, ,
       197,        0.,0, ,     28.06,0, ,    27.990,9, ,      2.93,0, ,      4.13,0, ,    333.88,0, ,
       198,        0.,0, ,     28.29,0, ,    30.410,9, ,      3.47,0, ,      4.95,0, ,     334.2,0, ,
       199,        0.,0, ,     28.38,0, ,    30.100,0, ,      3.55,0, ,      5.10,0, ,     334.4,0, ,
       200,        0.,0, ,     27.82,0, ,    25.600,0, ,      3.93,0, ,      7.08,0, ,     335.2,0, ,
       201,        0.,0, ,     28.24,0, ,    23.770,0, ,      3.80,0, ,      8.33,0, ,    335.67,0, ,
       202,        0.,0, ,     28.54,0, ,    18.420,0, ,      3.92,0, ,      8.38,0, ,    348.71,0, ,
       203,        0.,0, ,     28.39,0, ,    21.180,0, ,      3.80,0, ,      8.77,0, ,    348.92,0, ,
       204,        0.,0, ,     27.51,0, ,    19.870,0, ,      3.80,0, ,      8.58,0, ,     349.3,0, ,
       205,        0.,0, ,     28.59,0, ,    23.610,0, ,      3.57,0, ,      8.08,0, ,    349.58,0, ,
       206,        0.,0, ,     27.81,0, ,    25.870,0, ,      3.18,0, ,      7.50,0, ,    349.92,0, ,
       207,        0.,0, ,     27.71,0, ,    26.150,0, ,      2.53,0, ,      6.52,0, ,     350.3,0, ,
       208,        0.,0, ,     27.94,0, ,    26.180,0, ,      2.47,0, ,      6.37,0, ,    350.42,0, ,
       209,        0.,0, ,     27.97,0, ,    25.330,0, ,      2.10,0, ,      5.83,0, ,    350.88,0, ,
       210,        0.,0, ,     28.00,0, ,    31.160,9, ,      1.30,0, ,      4.33,0, ,    351.88,0, ,
       211,        0.,0, ,     27.69,0, ,    34.250,0, ,     0.800,0, ,      2.55,0, ,    352.62,0, ,
       212,        0.,0, ,     27.58,0, ,    34.380,0, ,    -0.233,0, ,      1.68,0, ,    353.58,0, ,
       213,        0.,0, ,     27.09,0, ,    34.440,0, ,    -0.800,0, ,      1.53,0, ,    353.88,0, ,
       214,        0.,0, ,     26.44,0, ,    34.840,0, ,     -1.77,0, ,      1.33,0, ,     354.3,0, ,
       215,        0.,0, ,     26.46,0, ,    35.070,0, ,     -2.47,0, ,      1.27,0, ,    354.62,0, ,
       216,        0.,0, ,     26.01,0, ,    34.970,0, ,     -3.08,0, ,      1.20,0, ,    354.88,0, ,
       217,        0.,0, ,     26.04,0, ,    34.950,0, ,     -3.23,0, ,   -0.0333,0, ,    358.88,0, ,
       218,        0.,0, ,     26.00,0, ,    35.000,0, ,     -2.63,0, ,     -1.25,0, ,     359.3,0, ,
       219,        0.,0, ,     26.23,0, ,    35.170,0, ,     -2.25,0, ,     -1.95,0, ,    359.62,0, ,
       220,        0.,0, ,     25.93,0, ,    35.160,0, ,     -1.82,0, ,     -2.70,0, ,    359.88,0, ,
       221,        0.,0, ,     25.81,0, ,    35.050,0, ,     -1.17,0, ,     -3.80,0, ,     360.3,0, ,
       222,        0.,0, ,     25.57,0, ,    35.140,0, ,    -0.783,0, ,     -4.58,0, ,    360.58,0, ,
       223,        0.,0, ,     25.79,0, ,    35.090,0, ,    -0.650,0, ,     -4.93,0, ,    360.79,0, ,
       224,        0.,0, ,     25.46,0, ,    35.080,4, ,    -0.733,0, ,     -5.30,0, ,     361.3,0, ,
       225,        0.,0, ,     25.68,0, ,    35.350,0, ,    -0.833,0, ,     -6.17,0, ,    361.62,0, ,
       226,        0.,0, ,     25.21,0, ,    35.420,0, ,    -0.917,0, ,     -6.97,0, ,    361.88,0, ,
       227,        0.,0, ,     24.73,0, ,    35.690,0, ,     -1.08,0, ,     -8.33,0, ,     362.3,0, ,
       228,        0.,0, ,     24.70,0, ,    35.680,0, ,     -1.25,0, ,     -9.25,0, ,    362.58,0, ,
       229,        0.,0, ,     24.43,0, ,    35.680,0, ,     -1.42,0, ,    -10.13,0, ,     363.2,0, ,
       230,        0.,0, ,     24.97,0, ,    35.660,0, ,     -1.57,0, ,    -11.12,0, ,    363.62,0, ,
       231,        0.,0, ,     24.78,0, ,    35.640,0, ,     -1.75,0, ,    -12.02,0, ,     364.3,0, ,
       232,        0.,0, ,     25.31,0, ,    35.680,0, ,     -1.97,0, ,    -12.87,0, ,    364.62,0, ,
       233,        0.,0, ,     25.07,0, ,    35.770,0, ,     -2.07,0, ,    -13.53,0, ,    364.88,0, ,
       234,        0.,0, ,     25.48,0, ,    35.700,0, ,     -2.32,0, ,    -14.77,0, ,    365.58,0, ,
       235,        0.,0, ,     25.34,0, ,    35.730,0, ,     -2.42,0, ,    -15.50,0, ,    365.88,0, ,
       236,        0.,0, ,     25.14,0, ,    35.680,0, ,     -2.77,0, ,    -17.25,0, ,    366.88,0, ,
       237,        0.,0, ,     25.24,0, ,    35.750,0, ,     -3.12,0, ,    -18.38,0, ,     367.2,0, ,
       238,        0.,0, ,     25.81,0, ,    35.950,0, ,     -3.12,0, ,    -19.35,0, ,    367.62,0, ,
       239,        0.,0, ,     25.52,0, ,    35.940,0, ,     -3.37,0, ,    -20.18,0, ,     368.3,0, ,
       240,        0.,0, ,     25.54,0, ,    35.840,0, ,     -3.55,0, ,    -21.22,0, ,    368.62,0, ,
       241,        0.,0, ,     25.59,0, ,    35.880,0, ,     -3.62,0, ,    -22.05,0, ,    368.88,0, ,
       242,        0.,0, ,     26.00,0, ,    35.940,0, ,     -3.63,0, ,    -23.20,0, ,    369.58,0, ,
       243,        0.,0, ,     25.90,0, ,    35.970,0, ,     -3.82,0, ,    -24.12,0, ,    369.88,0, ,
       244,        0.,0, ,     26.20,0, ,    36.050,0, ,     -4.08,0, ,    -25.20,0, ,     370.2,0, ,
       245,        0.,0, ,     26.61,0, ,    36.110,0, ,     -4.32,0, ,    -26.22,0, ,    370.58,0, ,
       246,        0.,0, ,     26.29,0, ,    36.060,0, ,     -4.47,0, ,    -26.98,0, ,     371.2,0, ,
       247,        0.,0, ,     26.72,0, ,    36.100,0, ,     -4.62,0, ,    -27.98,0, ,    371.62,0, ,
       248,        0.,0, ,     26.49,0, ,    36.080,0, ,     -4.72,0, ,    -28.82,0, ,    371.92,0, ,
       249,        0.,0, ,     26.50,0, ,    36.100,0, ,     -4.92,0, ,    -29.85,0, ,     372.2,0, ,
       250,        0.,0, ,     26.71,0, ,    36.110,0, ,     -5.05,0, ,    -30.45,0, ,    372.88,0, ,
       251,        0.,0, ,     26.98,0, ,    36.170,0, ,     -6.02,0, ,    -32.33,0, ,    373.62,0, ,
       252,        0.,0, ,     27.30,0, ,    36.380,0, ,     -6.08,0, ,    -34.92,0, ,     375.3,0, ,
END OF VARIABLES SECTION,
#--------------------------------------------------------------------------------,
CAST                        ,,       10016636,WOD Unique Cast Number,WOD code,
NODC Cruise ID              ,,DE-9921        ,,,
Originators Station ID      ,,               ,,,alpha,
Originators Cruise ID       ,,06ME           ,,,
Latitude                    ,,          -5.23,decimal degrees,,
Longitude                   ,,         -35.17,decimal degrees,,
Year                        ,,           1927,,,
Month                       ,,              1,,,
Day                         ,,             29,,,
Time                        ,,            15.,decimal hours (UT),,
METADATA,
Country                     ,,             DE,NODC code,GERMANY
Accession Number            ,,           241.,NODC code,,
Platform                    ,,           330.,OCL code,METEOR (PRE-7/64),
Institute                   ,,           216.,NODC code,COUNSEIL INTERNATIONAL POUR L'EXPLORATION DE LA MER (ICES),
probe_type                  ,,            14.,OCL_code,bucket,
VARIABLES ,Depth     ,F,O,Temperatur ,F,O,Salinity   ,F,O,Latitude   ,F,O,Longitude  ,F,O,JulianDay  ,F,O,,
UNITS     ,m         , , ,degrees C ,, , ,PSS       ,, , ,degrees   ,, , ,degrees   ,, , ,julian day,, , ,,
Prof-Flag ,          ,0, ,          ,0, ,          ,0, ,          ,0, ,          ,0, ,          ,0, ,,
         1,        0.,0, ,     27.55,0, ,    36.400,0, ,     -5.23,0, ,    -35.17,0, ,     28.62,0, ,
         2,        0.,0, ,     26.90,0, ,    36.110,0, ,     -4.18,0, ,    -34.77,0, ,      29.2,0, ,
         3,        0.,0, ,     27.29,0, ,    36.090,0, ,     -3.60,0, ,    -34.55,0, ,     29.62,0, ,
         4,        0.,0, ,     27.19,0, ,    36.090,0, ,     -3.82,0, ,    -34.87,0, ,     29.88,0, ,
         5,        0.,0, ,     27.57,0, ,    36.120,0, ,     -2.47,0, ,    -34.97,0, ,     30.50,0, ,
         6,        0.,0, ,     27.05,0, ,    36.150,0, ,     -2.47,0, ,    -35.75,0, ,     32.62,0, ,
         7,        0.,0, ,     26.69,0, ,    36.070,0, ,     -2.50,0, ,    -37.82,0, ,      33.2,0, ,
         8,        0.,0, ,     27.10,0, ,    36.100,0, ,     -2.53,0, ,    -38.92,0, ,     33.58,0, ,
         9,        0.,0, ,     27.00,0, ,    36.060,0, ,     -1.87,0, ,    -39.32,0, ,      34.3,0, ,
        10,        0.,0, ,     27.06,0, ,    36.020,0, ,    -0.967,0, ,    -38.73,0, ,     34.83,0, ,
        11,        0.,0, ,   ---*---,0, ,    36.010,0, ,    -0.617,0, ,    -38.38,0, ,      35.3,0, ,
        12,        0.,0, ,     27.51,0, ,    36.040,0, ,    -0.267,0, ,    -37.90,0, ,     35.62,0, ,
        13,        0.,0, ,     27.30,0, ,    36.050,0, ,     0.933,0, ,    -36.80,0, ,     36.62,0, ,
        14,        0.,0, ,     27.20,0, ,    35.730,0, ,      2.28,0, ,    -35.58,0, ,      37.3,0, ,
        15,        0.,0, ,     27.00,0, ,    35.500,0, ,      3.53,0, ,    -34.82,0, ,      38.3,0, ,
        16,        0.,0, ,     26.44,0, ,    35.730,0, ,      5.88,0, ,    -32.32,0, ,      40.3,0, ,
        17,        0.,0, ,     26.29,0, ,    35.880,0, ,      6.92,0, ,    -31.12,0, ,      41.3,0, ,
        18,        0.,0, ,     26.27,0, ,    35.930,0, ,      7.33,0, ,    -30.60,0, ,     41.62,0, ,
        19,        0.,0, ,     25.62,0, ,    36.050,0, ,      7.70,0, ,    -30.12,0, ,     41.92,0, ,
        20,        0.,0, ,     25.20,0, ,    35.950,0, ,      8.53,0, ,    -29.07,0, ,     42.92,0, ,
        21,        0.,0, ,     25.55,0, ,    35.810,0, ,      9.17,0, ,    -28.32,0, ,      43.3,0, ,
        22,        0.,0, ,     25.32,0, ,    35.970,0, ,      9.47,0, ,    -27.75,0, ,     43.62,0, ,
        23,        0.,0, ,     24.62,3, ,    35.570,0, ,      9.77,0, ,    -27.20,0, ,     43.88,0, ,
        24,        0.,0, ,     24.49,0, ,    35.480,0, ,     10.52,0, ,    -25.95,0, ,     44.88,0, ,
        25,        0.,0, ,     24.30,0, ,    35.530,0, ,      11.0,0, ,    -24.87,0, ,      45.3,0, ,
        26,        0.,0, ,     24.23,0, ,    35.640,0, ,     11.23,0, ,    -24.35,0, ,     45.62,0, ,
        27,        0.,0, ,     23.22,0, ,    35.630,0, ,     11.57,0, ,    -23.68,0, ,      46.2,0, ,
        28,        0.,0, ,     23.49,0, ,    35.400,0, ,     11.90,0, ,    -23.03,0, ,     46.62,0, ,
        29,        0.,0, ,     23.44,0, ,    35.520,0, ,     12.27,0, ,    -22.55,0, ,     46.92,0, ,
        30,        0.,0, ,     21.81,0, ,    35.470,0, ,     12.82,0, ,    -21.85,0, ,      47.2,0, ,
        31,        0.,0, ,     22.01,0, ,    35.430,0, ,     13.10,0, ,    -21.20,0, ,     47.92,0, ,
        32,        0.,0, ,     21.64,0, ,    35.330,0, ,     13.47,0, ,    -20.38,0, ,      48.2,0, ,
        33,        0.,0, ,     20.40,0, ,    35.550,0, ,     14.22,0, ,    -18.90,0, ,      49.2,0, ,
        34,        0.,0, ,     18.83,0, ,    35.650,0, ,     14.98,0, ,    -18.02,0, ,      50.3,0, ,
        35,        0.,0, ,     19.71,0, ,    35.680,0, ,     15.57,0, ,    -18.70,0, ,     50.62,0, ,
        36,        0.,0, ,     19.78,0, ,    35.690,0, ,     16.50,0, ,    -19.22,0, ,     50.88,0, ,
        37,        0.,0, ,   ---*---,0, ,    35.740,0, ,     16.83,0, ,    -19.87,0, ,      51.3,0, ,
        38,        0.,0, ,     20.91,0, ,    35.480,0, ,     16.38,0, ,    -20.73,0, ,     51.62,0, ,
        39,        0.,0, ,     21.02,0, ,    35.620,0, ,     16.32,0, ,    -21.52,0, ,     51.88,0, ,
        40,        0.,0, ,     20.71,0, ,    35.790,0, ,     16.38,0, ,    -22.78,0, ,      52.3,0, ,
        41,        0.,0, ,     21.15,0, ,    35.640,0, ,     16.50,0, ,    -23.65,0, ,     52.58,0, ,
        42,        0.,0, ,     21.04,0, ,    35.680,0, ,     16.83,0, ,    -24.32,0, ,     52.88,0, ,
        43,        0.,0, ,     21.56,0, ,    35.780,0, ,     16.82,0, ,    -25.10,0, ,      53.3,0, ,
        44,        0.,0, ,     20.67,0, ,    36.050,0, ,     17.50,0, ,    -23.90,0, ,     61.62,0, ,
        45,        0.,0, ,     20.21,0, ,    35.990,0, ,     17.92,0, ,    -23.53,0, ,     61.92,0, ,
        46,        0.,0, ,     19.92,0, ,    36.360,0, ,      19.0,0, ,    -22.68,0, ,     62.62,0, ,
        47,        0.,0, ,     19.69,0, ,    36.500,0, ,     19.30,0, ,    -21.92,0, ,      63.3,0, ,
        48,        0.,0, ,     19.62,0, ,    36.040,0, ,     19.30,0, ,    -21.22,0, ,     63.62,0, ,
        49,        0.,0, ,     19.32,0, ,    36.190,0, ,     19.35,0, ,    -20.63,0, ,     63.92,0, ,
        50,        0.,0, ,     19.00,0, ,    36.210,0, ,     19.25,0, ,    -19.72,0, ,     64.62,0, ,
        51,        0.,0, ,     18.59,0, ,    35.920,0, ,     19.13,0, ,    -19.13,0, ,     64.88,0, ,
        52,        0.,0, ,     18.09,0, ,    35.770,0, ,     18.93,0, ,    -18.27,0, ,      65.3,0, ,
        53,        0.,0, ,     18.68,0, ,    35.780,0, ,     18.28,0, ,    -18.20,0, ,     65.92,0, ,
        54,        0.,0, ,     17.57,0, ,    35.630,0, ,     18.33,0, ,    -16.90,0, ,      66.3,0, ,
        55,        0.,0, ,     17.52,0, ,    35.630,0, ,     18.33,0, ,    -16.78,0, ,     66.42,0, ,
        56,        0.,0, ,     18.87,0, ,    35.900,0, ,     18.22,0, ,    -17.53,0, ,     66.92,0, ,
        57,        0.,0, ,     18.70,0, ,    35.760,0, ,     18.07,0, ,    -18.68,0, ,      67.3,0, ,
        58,        0.,0, ,     19.82,0, ,    35.860,0, ,     17.78,0, ,    -19.80,0, ,     67.88,0, ,
        59,        0.,0, ,     20.00,0, ,    35.800,0, ,     17.62,0, ,    -20.77,0, ,      68.2,0, ,
        60,        0.,0, ,     21.16,0, ,    35.650,0, ,     17.38,0, ,    -21.63,0, ,     68.62,0, ,
        61,        0.,0, ,     20.90,0, ,    35.680,0, ,     16.75,0, ,    -22.68,0, ,      69.3,0, ,
        62,        0.,0, ,   ---*---,0, ,    36.000,0, ,     16.42,0, ,    -24.30,0, ,      72.3,0, ,
        63,        0.,0, ,     21.92,0, ,    35.930,0, ,     17.30,0, ,    -25.87,0, ,      74.3,0, ,
        64,        0.,0, ,     20.91,0, ,    36.340,0, ,     18.42,0, ,    -26.87,0, ,     74.92,0, ,
        65,        0.,0, ,     20.70,0, ,    36.560,0, ,     19.15,0, ,    -27.45,0, ,      75.2,0, ,
        66,        0.,0, ,     20.97,0, ,    36.490,0, ,     19.25,0, ,    -28.17,0, ,     75.92,0, ,
        67,        0.,0, ,     21.13,0, ,    36.450,0, ,     19.18,0, ,    -29.32,0, ,      76.3,0, ,
        68,        0.,0, ,     21.77,0, ,    36.700,0, ,     19.12,0, ,    -31.27,0, ,      77.3,0, ,
        69,        0.,0, ,     22.48,0, ,    36.640,0, ,     19.02,0, ,    -33.13,0, ,     77.92,0, ,
        70,        0.,0, ,     22.62,0, ,    36.620,0, ,     18.90,0, ,    -34.27,0, ,     78.62,0, ,
        71,        0.,0, ,     22.61,0, ,    36.570,0, ,     18.77,0, ,    -35.15,0, ,     78.92,0, ,
        72,        0.,0, ,     22.61,0, ,    36.570,0, ,     18.57,0, ,    -36.42,0, ,      79.3,0, ,
        73,        0.,0, ,     22.75,0, ,    36.760,0, ,     18.47,0, ,    -37.12,0, ,     79.92,0, ,
        74,        0.,0, ,     22.80,0, ,    36.930,0, ,     18.13,0, ,    -38.37,0, ,      80.3,0, ,
        75,        0.,0, ,     23.15,0, ,    36.480,0, ,     17.88,0, ,    -39.28,0, ,     80.62,0, ,
        76,        0.,0, ,     23.21,0, ,    36.610,0, ,     17.52,0, ,    -40.07,0, ,      81.3,0, ,
        77,        0.,0, ,     23.71,0, ,    36.450,0, ,     17.08,0, ,    -40.98,0, ,     81.62,0, ,
        78,        0.,0, ,     23.90,0, ,    36.340,0, ,     16.68,0, ,    -41.77,0, ,     81.92,0, ,
        79,        0.,0, ,     24.35,0, ,    36.340,0, ,     16.13,0, ,    -42.73,0, ,     82.62,0, ,
        80,        0.,0, ,     24.32,0, ,    36.170,0, ,     15.72,0, ,    -43.47,0, ,     82.96,0, ,
        81,        0.,0, ,     24.31,0, ,    36.180,0, ,     15.67,0, ,    -43.58,0, ,      83.3,0, ,
        82,        0.,0, ,     24.50,0, ,    36.230,0, ,     15.20,0, ,    -44.47,0, ,     83.62,0, ,
        83,        0.,0, ,     24.99,0, ,    36.000,0, ,     14.42,0, ,    -45.40,0, ,      84.3,0, ,
        84,        0.,0, ,     25.33,0, ,    35.920,0, ,     13.83,0, ,    -46.22,0, ,     84.88,0, ,
        85,        0.,0, ,     25.33,0, ,    35.930,0, ,     13.07,0, ,    -47.10,0, ,      85.3,0, ,
        86,        0.,0, ,     25.59,0, ,    35.910,0, ,     12.17,0, ,    -48.12,0, ,     87.92,0, ,
        87,        0.,0, ,     25.70,0, ,    35.920,0, ,     11.45,0, ,    -48.97,0, ,      88.3,0, ,
        88,        0.,0, ,     25.81,0, ,    35.880,0, ,     10.17,0, ,    -50.25,0, ,      89.3,0, ,
        89,        0.,0, ,     26.60,0, ,    36.140,0, ,      8.47,0, ,    -51.45,0, ,      90.3,0, ,
        90,        0.,0, ,     26.70,0, ,    36.060,0, ,      7.08,0, ,    -52.82,0, ,      91.3,0, ,
        91,        0.,0, ,     26.68,0, ,    35.980,0, ,      6.87,0, ,    -52.23,0, ,     91.92,0, ,
        92,        0.,0, ,     26.70,0, ,    36.020,0, ,      6.70,0, ,    -51.48,0, ,      92.3,0, ,
        93,        0.,0, ,     26.87,0, ,    35.720,0, ,      6.62,0, ,    -50.88,0, ,     92.62,0, ,
        94,        0.,0, ,     26.53,0, ,    35.790,0, ,      6.62,0, ,    -50.18,0, ,     92.92,0, ,
        95,        0.,0, ,     26.50,0, ,    35.830,0, ,      6.83,0, ,    -49.18,0, ,      93.3,0, ,
        96,        0.,0, ,     27.41,0, ,    36.090,0, ,      6.65,0, ,    -48.23,0, ,     93.62,0, ,
        97,        0.,0, ,     27.09,0, ,    36.080,0, ,      5.83,0, ,    -47.52,0, ,      94.3,0, ,
        98,        0.,0, ,     26.91,0, ,    36.080,0, ,      5.33,0, ,    -47.07,0, ,     94.62,0, ,
        99,        0.,0, ,     26.61,0, ,    36.100,0, ,      4.77,0, ,    -46.75,0, ,     94.92,0, ,
       100,        0.,0, ,     26.79,0, ,    34.650,0, ,       3.0,0, ,    -47.05,0, ,     95.62,0, ,
       101,        0.,0, ,     27.77,0, ,    35.950,0, ,      2.18,0, ,    -47.17,0, ,     95.92,0, ,
       102,        0.,0, ,     27.81,0, ,    35.960,0, ,      1.95,0, ,    -47.22,0, ,      96.0,0, ,
       103,        0.,0, ,     27.41,0, ,    34.640,0, ,      1.72,0, ,    -47.25,0, ,      96.1,0, ,
       104,        0.,0, ,     27.40,0, ,    32.600,3, ,      1.47,0, ,    -47.30,0, ,      96.2,0, ,
       105,        0.,0, ,     27.18,0, ,    29.620,3, ,      1.25,0, ,    -47.37,0, ,      96.2,0, ,
       106,        0.,0, ,     27.32,0, ,   ---*---,0, ,      1.02,0, ,    -47.38,0, ,      96.3,0, ,
       107,        0.,0, ,     27.51,0, ,   ---*---,0, ,     0.800,0, ,    -47.42,0, ,     96.42,0, ,
       108,        0.,0, ,     27.72,0, ,    33.060,3, ,      1.77,0, ,    -45.95,0, ,    109.88,0, ,
       109,        0.,0, ,     28.00,0, ,    35.910,0, ,      2.70,0, ,    -45.38,0, ,     110.3,0, ,
       110,        0.,0, ,     28.06,0, ,    35.930,0, ,      2.57,0, ,    -45.17,0, ,    110.62,0, ,
       111,        0.,0, ,     27.43,0, ,    35.830,0, ,      3.05,0, ,    -44.65,0, ,    110.92,0, ,
       112,        0.,0, ,     27.17,0, ,    35.730,0, ,      4.02,0, ,    -44.07,0, ,    111.71,0, ,
       113,        0.,0, ,     26.82,0, ,    35.880,0, ,      4.37,0, ,    -43.77,0, ,    111.88,0, ,
       114,        0.,0, ,     27.09,0, ,    35.800,0, ,      5.15,0, ,    -43.13,0, ,     112.3,0, ,
       115,        0.,0, ,     26.92,0, ,    35.840,0, ,      5.62,0, ,    -42.78,0, ,    112.92,0, ,
       116,        0.,0, ,     26.50,0, ,    36.070,0, ,      6.28,0, ,    -41.97,0, ,     113.3,0, ,
       117,        0.,0, ,     26.63,0, ,    36.030,0, ,      6.77,0, ,    -41.38,0, ,    113.67,0, ,
       118,        0.,0, ,     26.47,0, ,    36.020,0, ,      6.98,0, ,    -41.08,0, ,    113.83,0, ,
       119,        0.,0, ,     26.18,0, ,    36.160,0, ,      8.02,0, ,    -39.92,0, ,    114.83,0, ,
       120,        0.,0, ,     25.90,0, ,    36.180,0, ,      8.68,0, ,    -39.28,0, ,     115.3,0, ,
       121,        0.,0, ,     25.89,0, ,    36.180,0, ,      9.12,0, ,    -38.67,0, ,    115.62,0, ,
       122,        0.,0, ,     25.99,0, ,    36.100,0, ,      9.88,0, ,    -37.72,0, ,     116.3,0, ,
       123,        0.,0, ,     25.46,0, ,    36.130,0, ,     10.28,0, ,    -37.23,0, ,    116.92,0, ,
       124,        0.,0, ,     24.41,0, ,    36.050,0, ,     10.90,0, ,    -36.35,0, ,     117.3,0, ,
       125,        0.,0, ,     24.51,0, ,    36.050,0, ,     11.10,0, ,    -35.80,0, ,    117.92,0, ,
       126,        0.,0, ,     24.49,0, ,    35.940,0, ,     11.68,0, ,    -34.98,0, ,     118.3,0, ,
       127,        0.,0, ,     24.72,0, ,    36.090,0, ,     11.93,0, ,    -34.47,0, ,    118.62,0, ,
       128,        0.,0, ,     24.21,0, ,    36.100,0, ,     12.22,0, ,    -33.95,0, ,     119.2,0, ,
       129,        0.,0, ,     24.14,0, ,    36.170,0, ,     12.58,0, ,    -33.22,0, ,    119.62,0, ,
       130,        0.,0, ,     23.98,0, ,    36.090,0, ,     12.85,0, ,    -32.62,0, ,    119.92,0, ,
       131,        0.,0, ,     23.61,0, ,    36.030,0, ,     13.57,0, ,    -31.40,0, ,    120.92,0, ,
       132,        0.,0, ,     23.70,0, ,    36.000,0, ,     14.02,0, ,    -30.57,0, ,     121.3,0, ,
       133,        0.,0, ,     23.35,0, ,    36.090,0, ,     14.32,0, ,    -29.97,0, ,    121.62,0, ,
       134,        0.,0, ,     23.23,0, ,    36.110,0, ,     14.52,0, ,    -29.62,0, ,    121.83,0, ,
END OF VARIABLES SECTION,
